{
  "IcoMoonType": "selection",
  "icons": [
    {
      "icon": {
        "paths": [
          "M512 512c141.44 0 256-114.56 256-256s-114.56-256-256-256c-141.44 0-256 114.56-256 256s114.56 256 256 256zM512 640c-170.88 0-512 85.76-512 256v64c0 35.2 28.8 64 64 64h896c35.2 0 64-28.8 64-64v-64c0-170.24-341.12-256-512-256z"
        ],
        "attrs": [
          {}
        ],
        "isMulticolor": false,
        "isMulticolor2": false,
        "grid": 0,
        "tags": [
          "person"
        ]
      },
      "attrs": [
        {}
      ],
      "properties": {
        "order": 42,
        "id": 0,
        "name": "person",
        "prevSize": 32
      },
      "setIdx": 0,
      "setId": 8,
      "iconIdx": 0
    },
    {
      "icon": {
        "paths": [
          "M200.4 486.57l-7.043-6.719-105.819 100.237 372.826 355.664 783.274-747.217-105.124-100.284-678.147 646.318-259.967-247.999z"
        ],
        "attrs": [
          {
            "fill": "rgb(255, 255, 255)",
            "stroke": "rgb(255, 255, 255)",
            "strokeLinejoin": "miter",
            "strokeLinecap": "butt",
            "strokeMiterlimit": "4",
            "strokeWidth": 20.480000000000004
          }
        ],
        "width": 1331,
        "isMulticolor": false,
        "isMulticolor2": false,
        "grid": 0,
        "tags": [
          "checkbox-active"
        ],
        "colorPermutations": {
          "2552552551331502431": [
            {
              "f": 1,
              "s": 1
            }
          ]
        }
      },
      "attrs": [
        {
          "fill": "rgb(255, 255, 255)",
          "stroke": "rgb(255, 255, 255)",
          "strokeLinejoin": "miter",
          "strokeLinecap": "butt",
          "strokeMiterlimit": "4",
          "strokeWidth": 20.480000000000004
        }
      ],
      "properties": {
        "order": 43,
        "id": 4,
        "name": "checkbox-active",
        "prevSize": 32
      },
      "setIdx": 1,
      "setId": 7,
      "iconIdx": 0
    },
    {
      "icon": {
        "paths": [
          "M970.902 113.778v796.442h-849.539v-796.442h849.539zM970.902 0h-849.539c-66.75 0-121.363 51.2-121.363 113.778v796.442c0 62.58 54.613 113.78 121.363 113.78h849.539c66.751 0 121.364-51.2 121.364-113.78v-796.442c0-62.578-54.613-113.778-121.364-113.778z"
        ],
        "attrs": [
          {}
        ],
        "width": 1092,
        "isMulticolor": false,
        "isMulticolor2": false,
        "grid": 0,
        "tags": [
          "checkbox"
        ],
        "colorPermutations": {
          "2552552551331502431": [
            {}
          ]
        }
      },
      "attrs": [
        {}
      ],
      "properties": {
        "order": 44,
        "id": 3,
        "name": "checkbox",
        "prevSize": 32
      },
      "setIdx": 1,
      "setId": 7,
      "iconIdx": 1
    },
    {
      "icon": {
        "paths": [
          "M1194.667 0h-1024c-70.4 0-127.36 57.6-127.36 128l-0.64 768c0 70.4 57.6 128 128 128h1024c70.4 0 128-57.6 128-128v-768c0-70.4-57.6-128-128-128zM1169.067 272l-452.48 282.88c-20.48 12.8-47.36 12.8-67.84 0l-452.48-282.88c-16-10.24-25.6-27.52-25.6-46.080 0-42.88 46.72-68.48 83.2-46.080l428.8 268.16 428.8-268.16c36.48-22.4 83.2 3.2 83.2 46.080 0 18.56-9.6 35.84-25.6 46.080z"
        ],
        "attrs": [
          {}
        ],
        "width": 1365,
        "isMulticolor": false,
        "isMulticolor2": false,
        "grid": 0,
        "tags": [
          "email-black"
        ],
        "colorPermutations": {
          "2552552551331502431": [
            {}
          ]
        }
      },
      "attrs": [
        {}
      ],
      "properties": {
        "order": 45,
        "id": 2,
        "name": "email-black",
        "prevSize": 32
      },
      "setIdx": 1,
      "setId": 7,
      "iconIdx": 2
    },
    {
      "icon": {
        "paths": [
          "M877.422 667.254l-134.444-15.35c-32.292-3.705-64.051 7.41-86.812 30.171l-97.395 97.394c-149.797-76.221-272.599-198.494-348.821-348.822l97.924-97.924c22.761-22.761 33.876-54.52 30.171-86.809l-15.35-133.389c-6.352-53.462-51.344-93.69-105.334-93.69h-91.573c-59.813 0-109.569 49.756-105.864 109.569 28.054 452.041 389.579 813.040 841.091 841.090 59.809 3.708 109.568-46.051 109.568-105.86v-91.575c0.527-53.461-39.702-98.453-93.162-104.806z"
        ],
        "attrs": [
          {}
        ],
        "isMulticolor": false,
        "isMulticolor2": false,
        "grid": 0,
        "tags": [
          "phone-black"
        ],
        "colorPermutations": {
          "2552552551331502431": [
            {}
          ]
        }
      },
      "attrs": [
        {}
      ],
      "properties": {
        "order": 46,
        "id": 0,
        "name": "phone-black",
        "prevSize": 32
      },
      "setIdx": 1,
      "setId": 7,
      "iconIdx": 3
    }
  ],
  "height": 1024,
  "preferences": {
    "showGlyphs": true,
    "showQuickUse": true,
    "showQuickUse2": true,
    "showSVGs": true,
    "fontPref": {
      "prefix": "icon-",
      "metadata": {
        "fontFamily": "icomoon"
      },
      "metrics": {
        "emSize": 1024,
        "baseline": 6.25,
        "whitespace": 50
      },
      "embed": false
    },
    "imagePref": {
      "prefix": "icon-",
      "png": true,
      "useClassSelector": true,
      "color": 0,
      "bgColor": 16777215,
      "classSelector": ".icon",
      "name": "icomoon"
    },
    "historySize": 50,
    "showCodes": true,
    "gridSize": 16
  }
}